商品管理番号,商品名,AE仕入_送料込,現売価_販売実績,新売価,変更率
20000060,3-11mm メンズブレスレット ステンレス,1193,2990,3790,+26.8%
20000045,フィガロチェーンネックレス,1182,2990,3790,+26.8%
25000737,ダーラナホース 925ペンダント,1300,3090,3890,+25.9%
40010033,名入れレザーブレスレット VNOX,1323,3780,4790,+26.7%
24000153,Modian 925 ヴィンテージ,1330,3850,4890,+27.0%
23001753,BAMOER 925 フォックス,1450,4400,5390,+22.5%
10000466,BEIER シェルリング,1434,4080,5090,+24.8%
40001013,チタンリング 8mm ブラック,1132,3180,3990,+25.5%
20000174,レザーチョーカー,1029,2990,3790,+26.8%
20000204,ブラックステンレスブレスレット,963,2990,3790,+26.8%
40000548,VNOX 刻印ベベルプレート,1000,2990,3790,+26.8%
